<annotation>
	<folder>data</folder>
	<filename>0.jpeg</filename>
	<path>C:\git\home\yeast.image.analysis\resources\data\0.jpeg</path>
	<source>
		<database>Unknown</database>
	</source>
	<size>
		<width>256</width>
		<height>256</height>
		<depth>1</depth>
	</size>
	<segmented>0</segmented>
	<object>
		<name>cluster</name>
		<pose>Unspecified</pose>
		<truncated>0</truncated>
		<difficult>0</difficult>
		<bndbox>
			<xmin>88</xmin>
			<ymin>9</ymin>
			<xmax>127</xmax>
			<ymax>39</ymax>
		</bndbox>
	</object>
	<object>
		<name>buddying</name>
		<pose>Unspecified</pose>
		<truncated>0</truncated>
		<difficult>0</difficult>
		<bndbox>
			<xmin>19</xmin>
			<ymin>222</ymin>
			<xmax>32</xmax>
			<ymax>234</ymax>
		</bndbox>
	</object>
	<object>
		<name>buddying</name>
		<pose>Unspecified</pose>
		<truncated>0</truncated>
		<difficult>0</difficult>
		<bndbox>
			<xmin>63</xmin>
			<ymin>101</ymin>
			<xmax>80</xmax>
			<ymax>120</ymax>
		</bndbox>
	</object>
	<object>
		<name>budding</name>
		<pose>Unspecified</pose>
		<truncated>0</truncated>
		<difficult>0</difficult>
		<bndbox>
			<xmin>141</xmin>
			<ymin>93</ymin>
			<xmax>166</xmax>
			<ymax>118</ymax>
		</bndbox>
	</object>
</annotation>
