<annotation>
	<folder>data</folder>
	<filename>1.jpeg</filename>
	<path>C:\Users\Ricard\Desktop\zellen\data\1.jpeg</path>
	<source>
		<database>Unknown</database>
	</source>
	<size>
		<width>256</width>
		<height>256</height>
		<depth>1</depth>
	</size>
	<segmented>0</segmented>
	<object>
		<name>individual</name>
		<pose>Unspecified</pose>
		<truncated>0</truncated>
		<difficult>0</difficult>
		<bndbox>
			<xmin>155</xmin>
			<ymin>45</ymin>
			<xmax>165</xmax>
			<ymax>55</ymax>
		</bndbox>
	</object>
	<object>
		<name>buddying</name>
		<pose>Unspecified</pose>
		<truncated>0</truncated>
		<difficult>0</difficult>
		<bndbox>
			<xmin>203</xmin>
			<ymin>221</ymin>
			<xmax>221</xmax>
			<ymax>237</ymax>
		</bndbox>
	</object>
	<object>
		<name>buddying</name>
		<pose>Unspecified</pose>
		<truncated>0</truncated>
		<difficult>0</difficult>
		<bndbox>
			<xmin>195</xmin>
			<ymin>240</ymin>
			<xmax>208</xmax>
			<ymax>251</ymax>
		</bndbox>
	</object>
	<object>
		<name>buddying</name>
		<pose>Unspecified</pose>
		<truncated>0</truncated>
		<difficult>0</difficult>
		<bndbox>
			<xmin>195</xmin>
			<ymin>160</ymin>
			<xmax>216</xmax>
			<ymax>181</ymax>
		</bndbox>
	</object>
</annotation>
