<annotation>
	<folder>data</folder>
	<filename>10.jpeg</filename>
	<path>C:\git\home\yeast.image.analysis\resources\data\10.jpeg</path>
	<source>
		<database>Unknown</database>
	</source>
	<size>
		<width>256</width>
		<height>256</height>
		<depth>1</depth>
	</size>
	<segmented>0</segmented>
	<object>
		<name>individual</name>
		<pose>Unspecified</pose>
		<truncated>0</truncated>
		<difficult>0</difficult>
		<bndbox>
			<xmin>65</xmin>
			<ymin>39</ymin>
			<xmax>78</xmax>
			<ymax>52</ymax>
		</bndbox>
	</object>
	<object>
		<name>individual</name>
		<pose>Unspecified</pose>
		<truncated>0</truncated>
		<difficult>0</difficult>
		<bndbox>
			<xmin>228</xmin>
			<ymin>48</ymin>
			<xmax>241</xmax>
			<ymax>59</ymax>
		</bndbox>
	</object>
	<object>
		<name>budding</name>
		<pose>Unspecified</pose>
		<truncated>0</truncated>
		<difficult>0</difficult>
		<bndbox>
			<xmin>122</xmin>
			<ymin>160</ymin>
			<xmax>148</xmax>
			<ymax>181</ymax>
		</bndbox>
	</object>
</annotation>
