<annotation>
	<folder>data</folder>
	<filename>104.jpeg</filename>
	<path>C:\Users\Ricard\Desktop\zellen\data\104.jpeg</path>
	<source>
		<database>Unknown</database>
	</source>
	<size>
		<width>256</width>
		<height>256</height>
		<depth>1</depth>
	</size>
	<segmented>0</segmented>
	<object>
		<name>budding</name>
		<pose>Unspecified</pose>
		<truncated>0</truncated>
		<difficult>0</difficult>
		<bndbox>
			<xmin>6</xmin>
			<ymin>8</ymin>
			<xmax>18</xmax>
			<ymax>25</ymax>
		</bndbox>
	</object>
	<object>
		<name>budding</name>
		<pose>Unspecified</pose>
		<truncated>0</truncated>
		<difficult>0</difficult>
		<bndbox>
			<xmin>135</xmin>
			<ymin>23</ymin>
			<xmax>148</xmax>
			<ymax>40</ymax>
		</bndbox>
	</object>
	<object>
		<name>individual</name>
		<pose>Unspecified</pose>
		<truncated>0</truncated>
		<difficult>0</difficult>
		<bndbox>
			<xmin>178</xmin>
			<ymin>235</ymin>
			<xmax>187</xmax>
			<ymax>246</ymax>
		</bndbox>
	</object>
</annotation>
