<annotation>
	<folder>data</folder>
	<filename>113.jpeg</filename>
	<path>C:\Users\Ricard\Desktop\zellen\data\113.jpeg</path>
	<source>
		<database>Unknown</database>
	</source>
	<size>
		<width>256</width>
		<height>256</height>
		<depth>1</depth>
	</size>
	<segmented>0</segmented>
	<object>
		<name>budding</name>
		<pose>Unspecified</pose>
		<truncated>0</truncated>
		<difficult>0</difficult>
		<bndbox>
			<xmin>27</xmin>
			<ymin>210</ymin>
			<xmax>37</xmax>
			<ymax>225</ymax>
		</bndbox>
	</object>
	<object>
		<name>budding</name>
		<pose>Unspecified</pose>
		<truncated>0</truncated>
		<difficult>0</difficult>
		<bndbox>
			<xmin>17</xmin>
			<ymin>152</ymin>
			<xmax>34</xmax>
			<ymax>165</ymax>
		</bndbox>
	</object>
	<object>
		<name>budding</name>
		<pose>Unspecified</pose>
		<truncated>0</truncated>
		<difficult>0</difficult>
		<bndbox>
			<xmin>132</xmin>
			<ymin>49</ymin>
			<xmax>147</xmax>
			<ymax>69</ymax>
		</bndbox>
	</object>
</annotation>
