<annotation>
	<folder>data</folder>
	<filename>114.jpeg</filename>
	<path>C:\git\home\yeast.image.analysis\resources\data\114.jpeg</path>
	<source>
		<database>Unknown</database>
	</source>
	<size>
		<width>256</width>
		<height>256</height>
		<depth>1</depth>
	</size>
	<segmented>0</segmented>
	<object>
		<name>individual</name>
		<pose>Unspecified</pose>
		<truncated>0</truncated>
		<difficult>0</difficult>
		<bndbox>
			<xmin>63</xmin>
			<ymin>224</ymin>
			<xmax>74</xmax>
			<ymax>234</ymax>
		</bndbox>
	</object>
	<object>
		<name>budding</name>
		<pose>Unspecified</pose>
		<truncated>0</truncated>
		<difficult>0</difficult>
		<bndbox>
			<xmin>65</xmin>
			<ymin>145</ymin>
			<xmax>79</xmax>
			<ymax>160</ymax>
		</bndbox>
	</object>
	<object>
		<name>budding</name>
		<pose>Unspecified</pose>
		<truncated>0</truncated>
		<difficult>0</difficult>
		<bndbox>
			<xmin>50</xmin>
			<ymin>158</ymin>
			<xmax>63</xmax>
			<ymax>176</ymax>
		</bndbox>
	</object>
	<object>
		<name>budding</name>
		<pose>Unspecified</pose>
		<truncated>0</truncated>
		<difficult>0</difficult>
		<bndbox>
			<xmin>60</xmin>
			<ymin>181</ymin>
			<xmax>74</xmax>
			<ymax>201</ymax>
		</bndbox>
	</object>
	<object>
		<name>elongation</name>
		<pose>Unspecified</pose>
		<truncated>0</truncated>
		<difficult>0</difficult>
		<bndbox>
			<xmin>134</xmin>
			<ymin>54</ymin>
			<xmax>145</xmax>
			<ymax>69</ymax>
		</bndbox>
	</object>
	<object>
		<name>cluster</name>
		<pose>Unspecified</pose>
		<truncated>1</truncated>
		<difficult>0</difficult>
		<bndbox>
			<xmin>165</xmin>
			<ymin>1</ymin>
			<xmax>199</xmax>
			<ymax>19</ymax>
		</bndbox>
	</object>
</annotation>
