<annotation>
	<folder>data</folder>
	<filename>117.jpeg</filename>
	<path>C:\Users\Ricard\Desktop\zellen\data\117.jpeg</path>
	<source>
		<database>Unknown</database>
	</source>
	<size>
		<width>256</width>
		<height>256</height>
		<depth>1</depth>
	</size>
	<segmented>0</segmented>
	<object>
		<name>budding</name>
		<pose>Unspecified</pose>
		<truncated>0</truncated>
		<difficult>0</difficult>
		<bndbox>
			<xmin>15</xmin>
			<ymin>206</ymin>
			<xmax>28</xmax>
			<ymax>227</ymax>
		</bndbox>
	</object>
	<object>
		<name>individual</name>
		<pose>Unspecified</pose>
		<truncated>0</truncated>
		<difficult>0</difficult>
		<bndbox>
			<xmin>82</xmin>
			<ymin>148</ymin>
			<xmax>95</xmax>
			<ymax>162</ymax>
		</bndbox>
	</object>
	<object>
		<name>budding</name>
		<pose>Unspecified</pose>
		<truncated>0</truncated>
		<difficult>0</difficult>
		<bndbox>
			<xmin>126</xmin>
			<ymin>220</ymin>
			<xmax>139</xmax>
			<ymax>250</ymax>
		</bndbox>
	</object>
</annotation>
