<annotation>
	<folder>data</folder>
	<filename>126.jpeg</filename>
	<path>C:\git\home\yeast.image.analysis\resources\data\126.jpeg</path>
	<source>
		<database>Unknown</database>
	</source>
	<size>
		<width>256</width>
		<height>256</height>
		<depth>1</depth>
	</size>
	<segmented>0</segmented>
	<object>
		<name>individual</name>
		<pose>Unspecified</pose>
		<truncated>0</truncated>
		<difficult>0</difficult>
		<bndbox>
			<xmin>8</xmin>
			<ymin>187</ymin>
			<xmax>18</xmax>
			<ymax>198</ymax>
		</bndbox>
	</object>
	<object>
		<name>individual</name>
		<pose>Unspecified</pose>
		<truncated>0</truncated>
		<difficult>0</difficult>
		<bndbox>
			<xmin>167</xmin>
			<ymin>159</ymin>
			<xmax>177</xmax>
			<ymax>170</ymax>
		</bndbox>
	</object>
	<object>
		<name>budding</name>
		<pose>Unspecified</pose>
		<truncated>0</truncated>
		<difficult>0</difficult>
		<bndbox>
			<xmin>37</xmin>
			<ymin>167</ymin>
			<xmax>53</xmax>
			<ymax>187</ymax>
		</bndbox>
	</object>
	<object>
		<name>budding</name>
		<pose>Unspecified</pose>
		<truncated>0</truncated>
		<difficult>0</difficult>
		<bndbox>
			<xmin>20</xmin>
			<ymin>178</ymin>
			<xmax>31</xmax>
			<ymax>199</ymax>
		</bndbox>
	</object>
	<object>
		<name>budding</name>
		<pose>Unspecified</pose>
		<truncated>0</truncated>
		<difficult>0</difficult>
		<bndbox>
			<xmin>191</xmin>
			<ymin>135</ymin>
			<xmax>213</xmax>
			<ymax>147</ymax>
		</bndbox>
	</object>
	<object>
		<name>cluster</name>
		<pose>Unspecified</pose>
		<truncated>0</truncated>
		<difficult>0</difficult>
		<bndbox>
			<xmin>90</xmin>
			<ymin>187</ymin>
			<xmax>114</xmax>
			<ymax>205</ymax>
		</bndbox>
	</object>
	<object>
		<name>cluster</name>
		<pose>Unspecified</pose>
		<truncated>1</truncated>
		<difficult>0</difficult>
		<bndbox>
			<xmin>1</xmin>
			<ymin>13</ymin>
			<xmax>23</xmax>
			<ymax>50</ymax>
		</bndbox>
	</object>
</annotation>
