<annotation>
	<folder>data</folder>
	<filename>133.jpeg</filename>
	<path>C:\Users\Ricard\Desktop\zellen\data\133.jpeg</path>
	<source>
		<database>Unknown</database>
	</source>
	<size>
		<width>256</width>
		<height>256</height>
		<depth>1</depth>
	</size>
	<segmented>0</segmented>
	<object>
		<name>budding</name>
		<pose>Unspecified</pose>
		<truncated>0</truncated>
		<difficult>0</difficult>
		<bndbox>
			<xmin>198</xmin>
			<ymin>125</ymin>
			<xmax>218</xmax>
			<ymax>138</ymax>
		</bndbox>
	</object>
	<object>
		<name>individual</name>
		<pose>Unspecified</pose>
		<truncated>0</truncated>
		<difficult>0</difficult>
		<bndbox>
			<xmin>210</xmin>
			<ymin>9</ymin>
			<xmax>221</xmax>
			<ymax>21</ymax>
		</bndbox>
	</object>
	<object>
		<name>individual</name>
		<pose>Unspecified</pose>
		<truncated>1</truncated>
		<difficult>0</difficult>
		<bndbox>
			<xmin>196</xmin>
			<ymin>248</ymin>
			<xmax>209</xmax>
			<ymax>256</ymax>
		</bndbox>
	</object>
</annotation>
