<annotation>
	<folder>data</folder>
	<filename>140.jpeg</filename>
	<path>C:\Users\Ricard\Desktop\zellen\data\140.jpeg</path>
	<source>
		<database>Unknown</database>
	</source>
	<size>
		<width>256</width>
		<height>256</height>
		<depth>1</depth>
	</size>
	<segmented>0</segmented>
	<object>
		<name>budding</name>
		<pose>Unspecified</pose>
		<truncated>0</truncated>
		<difficult>0</difficult>
		<bndbox>
			<xmin>73</xmin>
			<ymin>226</ymin>
			<xmax>86</xmax>
			<ymax>246</ymax>
		</bndbox>
	</object>
	<object>
		<name>budding</name>
		<pose>Unspecified</pose>
		<truncated>0</truncated>
		<difficult>0</difficult>
		<bndbox>
			<xmin>171</xmin>
			<ymin>90</ymin>
			<xmax>185</xmax>
			<ymax>111</ymax>
		</bndbox>
	</object>
	<object>
		<name>budding</name>
		<pose>Unspecified</pose>
		<truncated>0</truncated>
		<difficult>0</difficult>
		<bndbox>
			<xmin>160</xmin>
			<ymin>236</ymin>
			<xmax>173</xmax>
			<ymax>251</ymax>
		</bndbox>
	</object>
</annotation>
