<annotation>
	<folder>data</folder>
	<filename>143.jpeg</filename>
	<path>C:\git\home\yeast.image.analysis\resources\data\143.jpeg</path>
	<source>
		<database>Unknown</database>
	</source>
	<size>
		<width>256</width>
		<height>256</height>
		<depth>1</depth>
	</size>
	<segmented>0</segmented>
	<object>
		<name>budding</name>
		<pose>Unspecified</pose>
		<truncated>0</truncated>
		<difficult>0</difficult>
		<bndbox>
			<xmin>102</xmin>
			<ymin>56</ymin>
			<xmax>113</xmax>
			<ymax>74</ymax>
		</bndbox>
	</object>
	<object>
		<name>budding</name>
		<pose>Unspecified</pose>
		<truncated>0</truncated>
		<difficult>0</difficult>
		<bndbox>
			<xmin>68</xmin>
			<ymin>175</ymin>
			<xmax>84</xmax>
			<ymax>197</ymax>
		</bndbox>
	</object>
	<object>
		<name>individual</name>
		<pose>Unspecified</pose>
		<truncated>0</truncated>
		<difficult>0</difficult>
		<bndbox>
			<xmin>115</xmin>
			<ymin>240</ymin>
			<xmax>129</xmax>
			<ymax>254</ymax>
		</bndbox>
	</object>
</annotation>
