<annotation>
	<folder>data</folder>
	<filename>148.jpeg</filename>
	<path>C:\git\home\yeast.image.analysis\resources\data\148.jpeg</path>
	<source>
		<database>Unknown</database>
	</source>
	<size>
		<width>256</width>
		<height>256</height>
		<depth>1</depth>
	</size>
	<segmented>0</segmented>
	<object>
		<name>budding</name>
		<pose>Unspecified</pose>
		<truncated>0</truncated>
		<difficult>0</difficult>
		<bndbox>
			<xmin>50</xmin>
			<ymin>113</ymin>
			<xmax>63</xmax>
			<ymax>123</ymax>
		</bndbox>
	</object>
	<object>
		<name>individual</name>
		<pose>Unspecified</pose>
		<truncated>0</truncated>
		<difficult>0</difficult>
		<bndbox>
			<xmin>164</xmin>
			<ymin>84</ymin>
			<xmax>176</xmax>
			<ymax>94</ymax>
		</bndbox>
	</object>
	<object>
		<name>budding</name>
		<pose>Unspecified</pose>
		<truncated>0</truncated>
		<difficult>0</difficult>
		<bndbox>
			<xmin>68</xmin>
			<ymin>183</ymin>
			<xmax>84</xmax>
			<ymax>197</ymax>
		</bndbox>
	</object>
	<object>
		<name>budding</name>
		<pose>Unspecified</pose>
		<truncated>0</truncated>
		<difficult>0</difficult>
		<bndbox>
			<xmin>224</xmin>
			<ymin>202</ymin>
			<xmax>235</xmax>
			<ymax>217</ymax>
		</bndbox>
	</object>
	<object>
		<name>budding</name>
		<pose>Unspecified</pose>
		<truncated>0</truncated>
		<difficult>0</difficult>
		<bndbox>
			<xmin>231</xmin>
			<ymin>216</ymin>
			<xmax>250</xmax>
			<ymax>230</ymax>
		</bndbox>
	</object>
	<object>
		<name>budding</name>
		<pose>Unspecified</pose>
		<truncated>0</truncated>
		<difficult>0</difficult>
		<bndbox>
			<xmin>54</xmin>
			<ymin>33</ymin>
			<xmax>67</xmax>
			<ymax>47</ymax>
		</bndbox>
	</object>
	<object>
		<name>budding</name>
		<pose>Unspecified</pose>
		<truncated>0</truncated>
		<difficult>0</difficult>
		<bndbox>
			<xmin>150</xmin>
			<ymin>116</ymin>
			<xmax>168</xmax>
			<ymax>131</ymax>
		</bndbox>
	</object>
	<object>
		<name>budding</name>
		<pose>Unspecified</pose>
		<truncated>0</truncated>
		<difficult>0</difficult>
		<bndbox>
			<xmin>169</xmin>
			<ymin>235</ymin>
			<xmax>189</xmax>
			<ymax>251</ymax>
		</bndbox>
	</object>
	<object>
		<name>cluster</name>
		<pose>Unspecified</pose>
		<truncated>0</truncated>
		<difficult>0</difficult>
		<bndbox>
			<xmin>110</xmin>
			<ymin>30</ymin>
			<xmax>134</xmax>
			<ymax>51</ymax>
		</bndbox>
	</object>
	<object>
		<name>cluster</name>
		<pose>Unspecified</pose>
		<truncated>0</truncated>
		<difficult>0</difficult>
		<bndbox>
			<xmin>121</xmin>
			<ymin>73</ymin>
			<xmax>139</xmax>
			<ymax>96</ymax>
		</bndbox>
	</object>
</annotation>
