<annotation>
	<folder>data</folder>
	<filename>16.jpeg</filename>
	<path>C:\git\home\yeast.image.analysis\resources\data\16.jpeg</path>
	<source>
		<database>Unknown</database>
	</source>
	<size>
		<width>256</width>
		<height>256</height>
		<depth>1</depth>
	</size>
	<segmented>0</segmented>
	<object>
		<name>individual</name>
		<pose>Unspecified</pose>
		<truncated>0</truncated>
		<difficult>0</difficult>
		<bndbox>
			<xmin>174</xmin>
			<ymin>230</ymin>
			<xmax>186</xmax>
			<ymax>244</ymax>
		</bndbox>
	</object>
	<object>
		<name>budding</name>
		<pose>Unspecified</pose>
		<truncated>1</truncated>
		<difficult>0</difficult>
		<bndbox>
			<xmin>239</xmin>
			<ymin>178</ymin>
			<xmax>256</xmax>
			<ymax>196</ymax>
		</bndbox>
	</object>
</annotation>
