<annotation>
	<folder>data</folder>
	<filename>2.jpeg</filename>
	<path>C:\git\home\yeast.image.analysis\resources\data\2.jpeg</path>
	<source>
		<database>Unknown</database>
	</source>
	<size>
		<width>256</width>
		<height>256</height>
		<depth>1</depth>
	</size>
	<segmented>0</segmented>
	<object>
		<name>individual</name>
		<pose>Unspecified</pose>
		<truncated>0</truncated>
		<difficult>0</difficult>
		<bndbox>
			<xmin>147</xmin>
			<ymin>41</ymin>
			<xmax>166</xmax>
			<ymax>60</ymax>
		</bndbox>
	</object>
	<object>
		<name>budding</name>
		<pose>Unspecified</pose>
		<truncated>1</truncated>
		<difficult>0</difficult>
		<bndbox>
			<xmin>1</xmin>
			<ymin>198</ymin>
			<xmax>12</xmax>
			<ymax>221</ymax>
		</bndbox>
	</object>
	<object>
		<name>budding</name>
		<pose>Unspecified</pose>
		<truncated>0</truncated>
		<difficult>0</difficult>
		<bndbox>
			<xmin>135</xmin>
			<ymin>222</ymin>
			<xmax>158</xmax>
			<ymax>255</ymax>
		</bndbox>
	</object>
</annotation>
