<annotation>
	<folder>data</folder>
	<filename>20.jpeg</filename>
	<path>C:\git\home\yeast.image.analysis\resources\data\20.jpeg</path>
	<source>
		<database>Unknown</database>
	</source>
	<size>
		<width>256</width>
		<height>256</height>
		<depth>1</depth>
	</size>
	<segmented>0</segmented>
	<object>
		<name>budding</name>
		<pose>Unspecified</pose>
		<truncated>0</truncated>
		<difficult>0</difficult>
		<bndbox>
			<xmin>169</xmin>
			<ymin>73</ymin>
			<xmax>183</xmax>
			<ymax>90</ymax>
		</bndbox>
	</object>
	<object>
		<name>budding</name>
		<pose>Unspecified</pose>
		<truncated>0</truncated>
		<difficult>0</difficult>
		<bndbox>
			<xmin>42</xmin>
			<ymin>155</ymin>
			<xmax>62</xmax>
			<ymax>169</ymax>
		</bndbox>
	</object>
	<object>
		<name>budding</name>
		<pose>Unspecified</pose>
		<truncated>0</truncated>
		<difficult>0</difficult>
		<bndbox>
			<xmin>98</xmin>
			<ymin>228</ymin>
			<xmax>127</xmax>
			<ymax>244</ymax>
		</bndbox>
	</object>
	<object>
		<name>cluster</name>
		<pose>Unspecified</pose>
		<truncated>0</truncated>
		<difficult>0</difficult>
		<bndbox>
			<xmin>118</xmin>
			<ymin>144</ymin>
			<xmax>155</xmax>
			<ymax>166</ymax>
		</bndbox>
	</object>
	<object>
		<name>budding</name>
		<pose>Unspecified</pose>
		<truncated>0</truncated>
		<difficult>0</difficult>
		<bndbox>
			<xmin>70</xmin>
			<ymin>180</ymin>
			<xmax>83</xmax>
			<ymax>194</ymax>
		</bndbox>
	</object>
	<object>
		<name>budding</name>
		<pose>Unspecified</pose>
		<truncated>0</truncated>
		<difficult>0</difficult>
		<bndbox>
			<xmin>203</xmin>
			<ymin>117</ymin>
			<xmax>221</xmax>
			<ymax>133</ymax>
		</bndbox>
	</object>
	<object>
		<name>budding</name>
		<pose>Unspecified</pose>
		<truncated>0</truncated>
		<difficult>0</difficult>
		<bndbox>
			<xmin>38</xmin>
			<ymin>122</ymin>
			<xmax>51</xmax>
			<ymax>136</ymax>
		</bndbox>
	</object>
	<object>
		<name>budding</name>
		<pose>Unspecified</pose>
		<truncated>0</truncated>
		<difficult>0</difficult>
		<bndbox>
			<xmin>11</xmin>
			<ymin>103</ymin>
			<xmax>24</xmax>
			<ymax>116</ymax>
		</bndbox>
	</object>
	<object>
		<name>cluster</name>
		<pose>Unspecified</pose>
		<truncated>0</truncated>
		<difficult>0</difficult>
		<bndbox>
			<xmin>208</xmin>
			<ymin>13</ymin>
			<xmax>231</xmax>
			<ymax>38</ymax>
		</bndbox>
	</object>
	<object>
		<name>cluster</name>
		<pose>Unspecified</pose>
		<truncated>0</truncated>
		<difficult>0</difficult>
		<bndbox>
			<xmin>12</xmin>
			<ymin>79</ymin>
			<xmax>38</xmax>
			<ymax>102</ymax>
		</bndbox>
	</object>
</annotation>
