<annotation>
	<folder>data</folder>
	<filename>30.jpeg</filename>
	<path>C:\git\home\yeast.image.analysis\resources\data\30.jpeg</path>
	<source>
		<database>Unknown</database>
	</source>
	<size>
		<width>256</width>
		<height>256</height>
		<depth>1</depth>
	</size>
	<segmented>0</segmented>
	<object>
		<name>budding</name>
		<pose>Unspecified</pose>
		<truncated>0</truncated>
		<difficult>0</difficult>
		<bndbox>
			<xmin>43</xmin>
			<ymin>78</ymin>
			<xmax>68</xmax>
			<ymax>102</ymax>
		</bndbox>
	</object>
	<object>
		<name>budding</name>
		<pose>Unspecified</pose>
		<truncated>0</truncated>
		<difficult>0</difficult>
		<bndbox>
			<xmin>146</xmin>
			<ymin>165</ymin>
			<xmax>170</xmax>
			<ymax>186</ymax>
		</bndbox>
	</object>
</annotation>
