<annotation>
	<folder>data</folder>
	<filename>45.jpeg</filename>
	<path>C:\git\home\yeast.image.analysis\resources\data\45.jpeg</path>
	<source>
		<database>Unknown</database>
	</source>
	<size>
		<width>256</width>
		<height>256</height>
		<depth>1</depth>
	</size>
	<segmented>0</segmented>
	<object>
		<name>budding</name>
		<pose>Unspecified</pose>
		<truncated>0</truncated>
		<difficult>0</difficult>
		<bndbox>
			<xmin>15</xmin>
			<ymin>195</ymin>
			<xmax>40</xmax>
			<ymax>212</ymax>
		</bndbox>
	</object>
	<object>
		<name>budding</name>
		<pose>Unspecified</pose>
		<truncated>0</truncated>
		<difficult>0</difficult>
		<bndbox>
			<xmin>62</xmin>
			<ymin>221</ymin>
			<xmax>87</xmax>
			<ymax>238</ymax>
		</bndbox>
	</object>
	<object>
		<name>budding</name>
		<pose>Unspecified</pose>
		<truncated>0</truncated>
		<difficult>0</difficult>
		<bndbox>
			<xmin>160</xmin>
			<ymin>139</ymin>
			<xmax>176</xmax>
			<ymax>158</ymax>
		</bndbox>
	</object>
	<object>
		<name>budding</name>
		<pose>Unspecified</pose>
		<truncated>0</truncated>
		<difficult>0</difficult>
		<bndbox>
			<xmin>115</xmin>
			<ymin>39</ymin>
			<xmax>135</xmax>
			<ymax>64</ymax>
		</bndbox>
	</object>
	<object>
		<name>cluster</name>
		<pose>Unspecified</pose>
		<truncated>0</truncated>
		<difficult>0</difficult>
		<bndbox>
			<xmin>94</xmin>
			<ymin>150</ymin>
			<xmax>118</xmax>
			<ymax>183</ymax>
		</bndbox>
	</object>
	<object>
		<name>cluster</name>
		<pose>Unspecified</pose>
		<truncated>0</truncated>
		<difficult>0</difficult>
		<bndbox>
			<xmin>66</xmin>
			<ymin>143</ymin>
			<xmax>90</xmax>
			<ymax>176</ymax>
		</bndbox>
	</object>
</annotation>
