<annotation>
	<folder>data</folder>
	<filename>49.jpeg</filename>
	<path>C:\git\home\yeast.image.analysis\resources\data\49.jpeg</path>
	<source>
		<database>Unknown</database>
	</source>
	<size>
		<width>256</width>
		<height>256</height>
		<depth>1</depth>
	</size>
	<segmented>0</segmented>
	<object>
		<name>individual</name>
		<pose>Unspecified</pose>
		<truncated>0</truncated>
		<difficult>0</difficult>
		<bndbox>
			<xmin>215</xmin>
			<ymin>5</ymin>
			<xmax>231</xmax>
			<ymax>20</ymax>
		</bndbox>
	</object>
	<object>
		<name>individual</name>
		<pose>Unspecified</pose>
		<truncated>0</truncated>
		<difficult>0</difficult>
		<bndbox>
			<xmin>186</xmin>
			<ymin>101</ymin>
			<xmax>205</xmax>
			<ymax>119</ymax>
		</bndbox>
	</object>
	<object>
		<name>contamination</name>
		<pose>Unspecified</pose>
		<truncated>0</truncated>
		<difficult>0</difficult>
		<bndbox>
			<xmin>155</xmin>
			<ymin>193</ymin>
			<xmax>183</xmax>
			<ymax>212</ymax>
		</bndbox>
	</object>
	<object>
		<name>contamination</name>
		<pose>Unspecified</pose>
		<truncated>0</truncated>
		<difficult>0</difficult>
		<bndbox>
			<xmin>234</xmin>
			<ymin>194</ymin>
			<xmax>251</xmax>
			<ymax>212</ymax>
		</bndbox>
	</object>
</annotation>
