<annotation>
	<folder>data</folder>
	<filename>58.jpeg</filename>
	<path>C:\git\home\yeast.image.analysis\resources\data\58.jpeg</path>
	<source>
		<database>Unknown</database>
	</source>
	<size>
		<width>256</width>
		<height>256</height>
		<depth>1</depth>
	</size>
	<segmented>0</segmented>
	<object>
		<name>budding</name>
		<pose>Unspecified</pose>
		<truncated>0</truncated>
		<difficult>0</difficult>
		<bndbox>
			<xmin>34</xmin>
			<ymin>147</ymin>
			<xmax>53</xmax>
			<ymax>166</ymax>
		</bndbox>
	</object>
	<object>
		<name>budding</name>
		<pose>Unspecified</pose>
		<truncated>0</truncated>
		<difficult>0</difficult>
		<bndbox>
			<xmin>176</xmin>
			<ymin>197</ymin>
			<xmax>201</xmax>
			<ymax>216</ymax>
		</bndbox>
	</object>
	<object>
		<name>budding</name>
		<pose>Unspecified</pose>
		<truncated>0</truncated>
		<difficult>0</difficult>
		<bndbox>
			<xmin>174</xmin>
			<ymin>154</ymin>
			<xmax>197</xmax>
			<ymax>178</ymax>
		</bndbox>
	</object>
	<object>
		<name>cluster</name>
		<pose>Unspecified</pose>
		<truncated>0</truncated>
		<difficult>0</difficult>
		<bndbox>
			<xmin>97</xmin>
			<ymin>86</ymin>
			<xmax>126</xmax>
			<ymax>118</ymax>
		</bndbox>
	</object>
	<object>
		<name>budding</name>
		<pose>Unspecified</pose>
		<truncated>1</truncated>
		<difficult>0</difficult>
		<bndbox>
			<xmin>146</xmin>
			<ymin>1</ymin>
			<xmax>160</xmax>
			<ymax>21</ymax>
		</bndbox>
	</object>
	<object>
		<name>budding</name>
		<pose>Unspecified</pose>
		<truncated>1</truncated>
		<difficult>0</difficult>
		<bndbox>
			<xmin>1</xmin>
			<ymin>98</ymin>
			<xmax>22</xmax>
			<ymax>121</ymax>
		</bndbox>
	</object>
	<object>
		<name>individual</name>
		<pose>Unspecified</pose>
		<truncated>0</truncated>
		<difficult>0</difficult>
		<bndbox>
			<xmin>179</xmin>
			<ymin>51</ymin>
			<xmax>196</xmax>
			<ymax>68</ymax>
		</bndbox>
	</object>
</annotation>
