<annotation>
	<folder>data</folder>
	<filename>62.jpeg</filename>
	<path>C:\git\home\yeast.image.analysis\resources\data\62.jpeg</path>
	<source>
		<database>Unknown</database>
	</source>
	<size>
		<width>256</width>
		<height>256</height>
		<depth>1</depth>
	</size>
	<segmented>0</segmented>
	<object>
		<name>budding</name>
		<pose>Unspecified</pose>
		<truncated>0</truncated>
		<difficult>0</difficult>
		<bndbox>
			<xmin>217</xmin>
			<ymin>86</ymin>
			<xmax>238</xmax>
			<ymax>103</ymax>
		</bndbox>
	</object>
	<object>
		<name>budding</name>
		<pose>Unspecified</pose>
		<truncated>0</truncated>
		<difficult>0</difficult>
		<bndbox>
			<xmin>53</xmin>
			<ymin>173</ymin>
			<xmax>72</xmax>
			<ymax>190</ymax>
		</bndbox>
	</object>
</annotation>
