<annotation>
	<folder>data</folder>
	<filename>88.jpeg</filename>
	<path>C:\git\home\yeast.image.analysis\resources\data\88.jpeg</path>
	<source>
		<database>Unknown</database>
	</source>
	<size>
		<width>256</width>
		<height>256</height>
		<depth>1</depth>
	</size>
	<segmented>0</segmented>
	<object>
		<name>individual</name>
		<pose>Unspecified</pose>
		<truncated>0</truncated>
		<difficult>0</difficult>
		<bndbox>
			<xmin>117</xmin>
			<ymin>152</ymin>
			<xmax>129</xmax>
			<ymax>162</ymax>
		</bndbox>
	</object>
	<object>
		<name>cluster</name>
		<pose>Unspecified</pose>
		<truncated>1</truncated>
		<difficult>0</difficult>
		<bndbox>
			<xmin>236</xmin>
			<ymin>173</ymin>
			<xmax>256</xmax>
			<ymax>197</ymax>
		</bndbox>
	</object>
</annotation>
