<annotation>
	<folder>data</folder>
	<filename>93.jpeg</filename>
	<path>C:\Users\Ricard\Desktop\zellen\data\93.jpeg</path>
	<source>
		<database>Unknown</database>
	</source>
	<size>
		<width>256</width>
		<height>256</height>
		<depth>1</depth>
	</size>
	<segmented>0</segmented>
	<object>
		<name>budding</name>
		<pose>Unspecified</pose>
		<truncated>0</truncated>
		<difficult>0</difficult>
		<bndbox>
			<xmin>126</xmin>
			<ymin>205</ymin>
			<xmax>138</xmax>
			<ymax>225</ymax>
		</bndbox>
	</object>
	<object>
		<name>budding</name>
		<pose>Unspecified</pose>
		<truncated>0</truncated>
		<difficult>0</difficult>
		<bndbox>
			<xmin>7</xmin>
			<ymin>175</ymin>
			<xmax>23</xmax>
			<ymax>194</ymax>
		</bndbox>
	</object>
	<object>
		<name>budding</name>
		<pose>Unspecified</pose>
		<truncated>1</truncated>
		<difficult>0</difficult>
		<bndbox>
			<xmin>146</xmin>
			<ymin>245</ymin>
			<xmax>163</xmax>
			<ymax>256</ymax>
		</bndbox>
	</object>
</annotation>
