<annotation>
	<folder>data</folder>
	<filename>94.jpeg</filename>
	<path>C:\git\home\yeast.image.analysis\resources\data\94.jpeg</path>
	<source>
		<database>Unknown</database>
	</source>
	<size>
		<width>256</width>
		<height>256</height>
		<depth>1</depth>
	</size>
	<segmented>0</segmented>
	<object>
		<name>individual</name>
		<pose>Unspecified</pose>
		<truncated>0</truncated>
		<difficult>0</difficult>
		<bndbox>
			<xmin>76</xmin>
			<ymin>166</ymin>
			<xmax>85</xmax>
			<ymax>176</ymax>
		</bndbox>
	</object>
	<object>
		<name>budding</name>
		<pose>Unspecified</pose>
		<truncated>0</truncated>
		<difficult>0</difficult>
		<bndbox>
			<xmin>228</xmin>
			<ymin>22</ymin>
			<xmax>238</xmax>
			<ymax>42</ymax>
		</bndbox>
	</object>
	<object>
		<name>budding</name>
		<pose>Unspecified</pose>
		<truncated>0</truncated>
		<difficult>0</difficult>
		<bndbox>
			<xmin>111</xmin>
			<ymin>113</ymin>
			<xmax>121</xmax>
			<ymax>128</ymax>
		</bndbox>
	</object>
	<object>
		<name>cluster</name>
		<pose>Unspecified</pose>
		<truncated>0</truncated>
		<difficult>0</difficult>
		<bndbox>
			<xmin>212</xmin>
			<ymin>224</ymin>
			<xmax>241</xmax>
			<ymax>250</ymax>
		</bndbox>
	</object>
	<object>
		<name>elongation</name>
		<pose>Unspecified</pose>
		<truncated>0</truncated>
		<difficult>0</difficult>
		<bndbox>
			<xmin>140</xmin>
			<ymin>93</ymin>
			<xmax>160</xmax>
			<ymax>138</ymax>
		</bndbox>
	</object>
</annotation>
